Workbook

Sheet Merged
A1: No | B1: Q_Y | C1: Q | D1: M_Y | E1: Period | F1: diff_gap | G1: diff_oil | H1: diff_exchange | I1: diff_VNI | J1: diff_CPI | K1: diff _goldreserve | L1: diff_interest | M1: log_M2 | N1: diff_demandVN
A2: 1 | B2: =C2&"-"&YEAR(E2) -> Q1-2010 | C2: =IF(MONTH(E2)<=3,"Q1",IF(MONTH(E2)<=6,"Q2",IF(MONTH(E2)<=9,"Q3","Q4"))) -> Q1 | D2: =MONTH(E2)&"-"&YEAR(E2) -> 1-2010 | E2: 40182 | F2: =INDEX(GoldPrice!$B$2:$F$4016,MATCH(E2,GoldPrice!$B$2:$B$4016,0),5) -> -264068.65 | G2: =INDEX(Daily!$B$2:$H$4016,MATCH(E2,Daily!$B$2:$B$4016,0),3) -> 2.13 | H2: =INDEX(Daily!$B$2:$H$4016,MATCH(E2,Daily!$B$2:$B$4016,0),5) -> 0 | I2: =INDEX(Daily!$B$2:$H$4016,MATCH(E2,Daily!$B$2:$B$4016,0),7) -> 22.28 | J2: =INDEX(Monthly!$B$2:$K$187,MATCH(D2,Monthly!$B$2:$B$187,0),3) -> 0.0142 | K2: =INDEX(Monthly!$B$2:$K$187,MATCH(D2,Monthly!$B$2:$B$187,0),5) -> -2.327 | L2: =INDEX(Monthly!$B$2:$K$187,MATCH(D2,Monthly!$B$2:$B$187,0),7) -> 0 | M2: =INDEX(Monthly!$B$2:$K$187,MATCH(D2,Monthly!$B$2:$B$187,0),9) -> 0.056162338 | N2: =INDEX(Quaterly!$B$2:$E$63,MATCH(B2,Quaterly!$B$2:$B$63,0),4) -> -4.56
A3: 2 | B3: =C3&"-"&YEAR(E3) -> Q1-2010 | C3: =IF(MONTH(E3)<=3,"Q1",IF(MONTH(E3)<=6,"Q2",IF(MONTH(E3)<=9,"Q3","Q4"))) -> Q1 | D3: =MONTH(E3)&"-"&YEAR(E3) -> 1-2010 | E3: 40183 | F3: =INDEX(GoldPrice!$B$2:$F$4016,MATCH(E3,GoldPrice!$B$2:$B$4016,0),5) -> 234414.97 | G3: =INDEX(Daily!$B$2:$H$4016,MATCH(E3,Daily!$B$2:$B$4016,0),3) -> 0.22 | H3: =INDEX(Daily!$B$2:$H$4016,MATCH(E3,Daily!$B$2:$B$4016,0),5) -> 0 | I3: =INDEX(Daily!$B$2:$H$4016,MATCH(E3,Daily!$B$2:$B$4016,0),7) -> 15.48 | J3: =INDEX(Monthly!$B$2:$K$187,MATCH(D3,Monthly!$B$2:$B$187,0),3) -> 0.0142 | K3: =INDEX(Monthly!$B$2:$K$187,MATCH(D3,Monthly!$B$2:$B$187,0),5) -> -2.327 | L3: =INDEX(Monthly!$B$2:$K$187,MATCH(D3,Monthly!$B$2:$B$187,0),7) -> 0 | M3: =INDEX(Monthly!$B$2:$K$187,MATCH(D3,Monthly!$B$2:$B$187,0),9) -> 0.056162338 | N3: =INDEX(Quaterly!$B$2:$E$63,MATCH(B3,Quaterly!$B$2:$B$63,0),4) -> -4.56
A4: 3 | B4: =C4&"-"&YEAR(E4) -> Q1-2010 | C4: =IF(MONTH(E4)<=3,"Q1",IF(MONTH(E4)<=6,"Q2",IF(MONTH(E4)<=9,"Q3","Q4"))) -> Q1 | D4: =MONTH(E4)&"-"&YEAR(E4) -> 1-2010 | E4: 40184 | F4: =INDEX(GoldPrice!$B$2:$F$4016,MATCH(E4,GoldPrice!$B$2:$B$4016,0),5) -> -248533.89 | G4: =INDEX(Daily!$B$2:$H$4016,MATCH(E4,Daily!$B$2:$B$4016,0),3) -> 1.38 | H4: =INDEX(Daily!$B$2:$H$4016,MATCH(E4,Daily!$B$2:$B$4016,0),5) -> 0 | I4: =INDEX(Daily!$B$2:$H$4016,MATCH(E4,Daily!$B$2:$B$4016,0),7) -> 1.93 | J4: =INDEX(Monthly!$B$2:$K$187,MATCH(D4,Monthly!$B$2:$B$187,0),3) -> 0.0142 | K4: =INDEX(Monthly!$B$2:$K$187,MATCH(D4,Monthly!$B$2:$B$187,0),5) -> -2.327 | L4: =INDEX(Monthly!$B$2:$K$187,MATCH(D4,Monthly!$B$2:$B$187,0),7) -> 0 | M4: =INDEX(Monthly!$B$2:$K$187,MATCH(D4,Monthly!$B$2:$B$187,0),9) -> 0.056162338 | N4: =INDEX(Quaterly!$B$2:$E$63,MATCH(B4,Quaterly!$B$2:$B$63,0),4) -> -4.56
A5: 4 | B5: =C5&"-"&YEAR(E5) -> Q1-2010 | C5: =IF(MONTH(E5)<=3,"Q1",IF(MONTH(E5)<=6,"Q2",IF(MONTH(E5)<=9,"Q3","Q4"))) -> Q1 | D5: =MONTH(E5)&"-"&YEAR(E5) -> 1-2010 | E5: 40185 | F5: =INDEX(GoldPrice!$B$2:$F$4016,MATCH(E5,GoldPrice!$B$2:$B$4016,0),5) -> 114812.1 | G5: =INDEX(Daily!$B$2:$H$4016,MATCH(E5,Daily!$B$2:$B$4016,0),3) -> -0.52 | H5: =INDEX(Daily!$B$2:$H$4016,MATCH(E5,Daily!$B$2:$B$4016,0),5) -> 5 | I5: =INDEX(Daily!$B$2:$H$4016,MATCH(E5,Daily!$B$2:$B$4016,0),7) -> -1.12 | J5: =INDEX(Monthly!$B$2:$K$187,MATCH(D5,Monthly!$B$2:$B$187,0),3) -> 0.0142 | K5: =INDEX(Monthly!$B$2:$K$187,MATCH(D5,Monthly!$B$2:$B$187,0),5) -> -2.327 | L5: =INDEX(Monthly!$B$2:$K$187,MATCH(D5,Monthly!$B$2:$B$187,0),7) -> 0 | M5: =INDEX(Monthly!$B$2:$K$187,MATCH(D5,Monthly!$B$2:$B$187,0),9) -> 0.056162338 | N5: =INDEX(Quaterly!$B$2:$E$63,MATCH(B5,Quaterly!$B$2:$B$63,0),4) -> -4.56
A6: 5 | B6: =C6&"-"&YEAR(E6) -> Q1-2010 | C6: =IF(MONTH(E6)<=3,"Q1",IF(MONTH(E6)<=6,"Q2",IF(MONTH(E6)<=9,"Q3","Q4"))) -> Q1 | D6: =MONTH(E6)&"-"&YEAR(E6) -> 1-2010 | E6: 40186 | F6: =INDEX(GoldPrice!$B$2:$F$4016,MATCH(E6,GoldPrice!$B$2:$B$4016,0),5) -> -206926.03 | G6: =INDEX(Daily!$B$2:$H$4016,MATCH(E6,Daily!$B$2:$B$4016,0),3) -> 0.14 | H6: =INDEX(Daily!$B$2:$H$4016,MATCH(E6,Daily!$B$2:$B$4016,0),5) -> -5 | I6: =INDEX(Daily!$B$2:$H$4016,MATCH(E6,Daily!$B$2:$B$4016,0),7) -> -12.44 | J6: =INDEX(Monthly!$B$2:$K$187,MATCH(D6,Monthly!$B$2:$B$187,0),3) -> 0.0142 | K6: =INDEX(Monthly!$B$2:$K$187,MATCH(D6,Monthly!$B$2:$B$187,0),5) -> -2.327 | L6: =INDEX(Monthly!$B$2:$K$187,MATCH(D6,Monthly!$B$2:$B$187,0),7) -> 0 | M6: =INDEX(Monthly!$B$2:$K$187,MATCH(D6,Monthly!$B$2:$B$187,0),9) -> 0.056162338 | N6: =INDEX(Quaterly!$B$2:$E$63,MATCH(B6,Quaterly!$B$2:$B$63,0),4) -> -4.56
A7: 6 | B7: =C7&"-"&YEAR(E7) -> Q1-2010 | C7: =IF(MONTH(E7)<=3,"Q1",IF(MONTH(E7)<=6,"Q2",IF(MONTH(E7)<=9,"Q3","Q4"))) -> Q1 | D7: =MONTH(E7)&"-"&YEAR(E7) -> 1-2010 | E7: 40189 | F7: =INDEX(GoldPrice!$B$2:$F$4016,MATCH(E7,GoldPrice!$B$2:$B$4016,0),5) -> 185467.78 | G7: =INDEX(Daily!$B$2:$H$4016,MATCH(E7,Daily!$B$2:$B$4016,0),3) -> -0.2 | H7: =INDEX(Daily!$B$2:$H$4016,MATCH(E7,Daily!$B$2:$B$4016,0),5) -> 0 | I7: =INDEX(Daily!$B$2:$H$4016,MATCH(E7,Daily!$B$2:$B$4016,0),7) -> -5.84 | J7: =INDEX(Monthly!$B$2:$K$187,MATCH(D7,Monthly!$B$2:$B$187,0),3) -> 0.0142 | K7: =INDEX(Monthly!$B$2:$K$187,MATCH(D7,Monthly!$B$2:$B$187,0),5) -> -2.327 | L7: =INDEX(Monthly!$B$2:$K$187,MATCH(D7,Monthly!$B$2:$B$187,0),7) -> 0 | M7: =INDEX(Monthly!$B$2:$K$187,MATCH(D7,Monthly!$B$2:$B$187,0),9) -> 0.056162338 | N7: =INDEX(Quaterly!$B$2:$E$63,MATCH(B7,Quaterly!$B$2:$B$63,0),4) -> -4.56
A8: 7 | B8: =C8&"-"&YEAR(E8) -> Q1-2010 | C8: =IF(MONTH(E8)<=3,"Q1",IF(MONTH(E8)<=6,"Q2",IF(MONTH(E8)<=9,"Q3","Q4"))) -> Q1 | D8: =MONTH(E8)&"-"&YEAR(E8) -> 1-2010 | E8: 40190 | F8: =INDEX(GoldPrice!$B$2:$F$4016,MATCH(E8,GoldPrice!$B$2:$B$4016,0),5) -> 294384.2 | G8: =INDEX(Daily!$B$2:$H$4016,MATCH(E8,Daily!$B$2:$B$4016,0),3) -> -1.75 | H8: =INDEX(Daily!$B$2:$H$4016,MATCH(E8,Daily!$B$2:$B$4016,0),5) -> 0 | I8: =INDEX(Daily!$B$2:$H$4016,MATCH(E8,Daily!$B$2:$B$4016,0),7) -> -16.75 | J8: =INDEX(Monthly!$B$2:$K$187,MATCH(D8,Monthly!$B$2:$B$187,0),3) -> 0.0142 | K8: =INDEX(Monthly!$B$2:$K$187,MATCH(D8,Monthly!$B$2:$B$187,0),5) -> -2.327 | L8: =INDEX(Monthly!$B$2:$K$187,MATCH(D8,Monthly!$B$2:$B$187,0),7) -> 0 | M8: =INDEX(Monthly!$B$2:$K$187,MATCH(D8,Monthly!$B$2:$B$187,0),9) -> 0.056162338 | N8: =INDEX(Quaterly!$B$2:$E$63,MATCH(B8,Quaterly!$B$2:$B$63,0),4) -> -4.56
A9: 8 | B9: =C9&"-"&YEAR(E9) -> Q1-2010 | C9: =IF(MONTH(E9)<=3,"Q1",IF(MONTH(E9)<=6,"Q2",IF(MONTH(E9)<=9,"Q3","Q4"))) -> Q1 | D9: =MONTH(E9)&"-"&YEAR(E9) -> 1-2010 | E9: 40191 | F9: =INDEX(GoldPrice!$B$2:$F$4016,MATCH(E9,GoldPrice!$B$2:$B$4016,0),5) -> -354719.33 | G9: =INDEX(Daily!$B$2:$H$4016,MATCH(E9,Daily!$B$2:$B$4016,0),3) -> -1.13 | H9: =INDEX(Daily!$B$2:$H$4016,MATCH(E9,Daily!$B$2:$B$4016,0),5) -> 0 | I9: =INDEX(Daily!$B$2:$H$4016,MATCH(E9,Daily!$B$2:$B$4016,0),7) -> 10.3 | J9: =INDEX(Monthly!$B$2:$K$187,MATCH(D9,Monthly!$B$2:$B$187,0),3) -> 0.0142 | K9: =INDEX(Monthly!$B$2:$K$187,MATCH(D9,Monthly!$B$2:$B$187,0),5) -> -2.327 | L9: =INDEX(Monthly!$B$2:$K$187,MATCH(D9,Monthly!$B$2:$B$187,0),7) -> 0 | M9: =INDEX(Monthly!$B$2:$K$187,MATCH(D9,Monthly!$B$2:$B$187,0),9) -> 0.056162338 | N9: =INDEX(Quaterly!$B$2:$E$63,MATCH(B9,Quaterly!$B$2:$B$63,0),4) -> -4.56
A10: 9 | B10: =C10&"-"&YEAR(E10) -> Q1-2010 | C10: =IF(MONTH(E10)<=3,"Q1",IF(MONTH(E10)<=6,"Q2",IF(MONTH(E10)<=9,"Q3","Q4"))) -> Q1 | D10: =MONTH(E10)&"-"&YEAR(E10) -> 1-2010 | E10: 40192 | F10: =INDEX(GoldPrice!$B$2:$F$4016,MATCH(E10,GoldPrice!$B$2:$B$4016,0),5) -> 23432.017 | G10: =INDEX(Daily!$B$2:$H$4016,MATCH(E10,Daily!$B$2:$B$4016,0),3) -> -0.31 | H10: =INDEX(Daily!$B$2:$H$4016,MATCH(E10,Daily!$B$2:$B$4016,0),5) -> 0 | I10: =INDEX(Daily!$B$2:$H$4016,MATCH(E10,Daily!$B$2:$B$4016,0),7) -> 3.72 | J10: =INDEX(Monthly!$B$2:$K$187,MATCH(D10,Monthly!$B$2:$B$187,0),3) -> 0.0142 | K10: =INDEX(Monthly!$B$2:$K$187,MATCH(D10,Monthly!$B$2:$B$187,0),5) -> -2.327 | L10: =INDEX(Monthly!$B$2:$K$187,MATCH(D10,Monthly!$B$2:$B$187,0),7) -> 0 | M10: =INDEX(Monthly!$B$2:$K$187,MATCH(D10,Monthly!$B$2:$B$187,0),9) -> 0.056162338 | N10: =INDEX(Quaterly!$B$2:$E$63,MATCH(B10,Quaterly!$B$2:$B$63,0),4) -> -4.56
A11: 10 | B11: =C11&"-"&YEAR(E11) -> Q1-2010 | C11: =IF(MONTH(E11)<=3,"Q1",IF(MONTH(E11)<=6,"Q2",IF(MONTH(E11)<=9,"Q3","Q4"))) -> Q1 | D11: =MONTH(E11)&"-"&YEAR(E11) -> 1-2010 | E11: 40193 | F11: =INDEX(GoldPrice!$B$2:$F$4016,MATCH(E11,GoldPrice!$B$2:$B$4016,0),5) -> 92221.433 | G11: =INDEX(Daily!$B$2:$H$4016,MATCH(E11,Daily!$B$2:$B$4016,0),3) -> -1.39 | H11: =INDEX(Daily!$B$2:$H$4016,MATCH(E11,Daily!$B$2:$B$4016,0),5) -> -9 | I11: =INDEX(Daily!$B$2:$H$4016,MATCH(E11,Daily!$B$2:$B$4016,0),7) -> -6.91 | J11: =INDEX(Monthly!$B$2:$K$187,MATCH(D11,Monthly!$B$2:$B$187,0),3) -> 0.0142 | K11: =INDEX(Monthly!$B$2:$K$187,MATCH(D11,Monthly!$B$2:$B$187,0),5) -> -2.327 | L11: =INDEX(Monthly!$B$2:$K$187,MATCH(D11,Monthly!$B$2:$B$187,0),7) -> 0 | M11: =INDEX(Monthly!$B$2:$K$187,MATCH(D11,Monthly!$B$2:$B$187,0),9) -> 0.056162338 | N11: =INDEX(Quaterly!$B$2:$E$63,MATCH(B11,Quaterly!$B$2:$B$63,0),4) -> -4.56
A12: 11 | B12: =C12&"-"&YEAR(E12) -> Q1-2010 | C12: =IF(MONTH(E12)<=3,"Q1",IF(MONTH(E12)<=6,"Q2",IF(MONTH(E12)<=9,"Q3","Q4"))) -> Q1 | D12: =MONTH(E12)&"-"&YEAR(E12) -> 1-2010 | E12: 40196 | F12: =INDEX(GoldPrice!$B$2:$F$4016,MATCH(E12,GoldPrice!$B$2:$B$4016,0),5) -> -205539.07 | G12: =INDEX(Daily!$B$2:$H$4016,MATCH(E12,Daily!$B$2:$B$4016,0),3) -> 2.8457143 | H12: =INDEX(Daily!$B$2:$H$4016,MATCH(E12,Daily!$B$2:$B$4016,0),5) -> 9 | I12: =INDEX(Daily!$B$2:$H$4016,MATCH(E12,Daily!$B$2:$B$4016,0),7) -> -18.29 | J12: =INDEX(Monthly!$B$2:$K$187,MATCH(D12,Monthly!$B$2:$B$187,0),3) -> 0.0142 | K12: =INDEX(Monthly!$B$2:$K$187,MATCH(D12,Monthly!$B$2:$B$187,0),5) -> -2.327 | L12: =INDEX(Monthly!$B$2:$K$187,MATCH(D12,Monthly!$B$2:$B$187,0),7) -> 0 | M12: =INDEX(Monthly!$B$2:$K$187,MATCH(D12,Monthly!$B$2:$B$187,0),9) -> 0.056162338 | N12: =INDEX(Quaterly!$B$2:$E$63,MATCH(B12,Quaterly!$B$2:$B$63,0),4) -> -4.56
A13: 12 | B13: =C13&"-"&YEAR(E13) -> Q1-2010 | C13: =IF(MONTH(E13)<=3,"Q1",IF(MONTH(E13)<=6,"Q2",IF(MONTH(E13)<=9,"Q3","Q4"))) -> Q1 | D13: =MONTH(E13)&"-"&YEAR(E13) -> 1-2010 | E13: 40197 | F13: =INDEX(GoldPrice!$B$2:$F$4016,MATCH(E13,GoldPrice!$B$2:$B$4016,0),5) -> -16190.89 | G13: =INDEX(Daily!$B$2:$H$4016,MATCH(E13,Daily!$B$2:$B$4016,0),3) -> -1.8257143 | H13: =INDEX(Daily!$B$2:$H$4016,MATCH(E13,Daily!$B$2:$B$4016,0),5) -> 0 | I13: =INDEX(Daily!$B$2:$H$4016,MATCH(E13,Daily!$B$2:$B$4016,0),7) -> 8.38 | J13: =INDEX(Monthly!$B$2:$K$187,MATCH(D13,Monthly!$B$2:$B$187,0),3) -> 0.0142 | K13: =INDEX(Monthly!$B$2:$K$187,MATCH(D13,Monthly!$B$2:$B$187,0),5) -> -2.327 | L13: =INDEX(Monthly!$B$2:$K$187,MATCH(D13,Monthly!$B$2:$B$187,0),7) -> 0 | M13: =INDEX(Monthly!$B$2:$K$187,MATCH(D13,Monthly!$B$2:$B$187,0),9) -> 0.056162338 | N13: =INDEX(Quaterly!$B$2:$E$63,MATCH(B13,Quaterly!$B$2:$B$63,0),4) -> -4.56
... A4016: 4015 | B4016: =C4016&"-"&YEAR(E4016) -> Q2-2025 | C4016: =IF(MONTH(E4016)<=3,"Q1",IF(MONTH(E4016)<=6,"Q2",IF(MONTH(E4016)<=9,"Q3","Q4"))) -> Q2 | D4016: =MONTH(E4016)&"-"&YEAR(E4016) -> 6-2025 | E4016: 45838 | F4016: =INDEX(GoldPrice!$B$2:$F$4016,MATCH(E4016,GoldPrice!$B$2:$B$4016,0),5) -> -660295.48 | G4016: =INDEX(Daily!$B$2:$H$4016,MATCH(E4016,Daily!$B$2:$B$4016,0),3) -> -0.41 | H4016: =INDEX(Daily!$B$2:$H$4016,MATCH(E4016,Daily!$B$2:$B$4016,0),5) -> 25.5 | I4016: =INDEX(Daily!$B$2:$H$4016,MATCH(E4016,Daily!$B$2:$B$4016,0),7) -> 4.63 | J4016: =INDEX(Monthly!$B$2:$K$187,MATCH(D4016,Monthly!$B$2:$B$187,0),3) -> 0.0057 | K4016: =INDEX(Monthly!$B$2:$K$187,MATCH(D4016,Monthly!$B$2:$B$187,0),5) -> 5.041545 | L4016: =INDEX(Monthly!$B$2:$K$187,MATCH(D4016,Monthly!$B$2:$B$187,0),7) -> 0.001 | M4016: =INDEX(Monthly!$B$2:$K$187,MATCH(D4016,Monthly!$B$2:$B$187,0),9) -> 0.011089088 | N4016: =INDEX(Quaterly!$B$2:$E$63,MATCH(B4016,Quaterly!$B$2:$B$63,0),4) -> 3.51

Sheet GoldPrice
A1: No | B1: Period | C1: SJC selling price | D1: Spot Gold Price | E1: Gap | F1: Diff_gap
A2: 1 | B2: 45838 | C2: 119500000 | D2: 65317541 | E2: =C2-D2 -> 54182459 | F2: =E2-E3 -> -660295.48
A3: 2 | B3: 45835 | C3: 119700000 | D3: 64857246 | E3: =C3-D3 -> 54842754 | F3: =E3-E4 -> 676409.75
A4: 3 | B4: 45834 | C4: 120000000 | D4: 65833656 | E4: =C4-D4 -> 54166344 | F4: =E4-E5 -> 491326.4
A5: 4 | B5: 45833 | C5: 119500000 | D5: 65824982 | E5: =C5-D5 -> 53675018 | F5: =E5-E6 -> -140309.96
A6: 5 | B6: 45832 | C6: 119500000 | D6: 65684672 | E6: =C6-D6 -> 53815328 | F6: =E6-E7 -> 1399338.5
A7: 6 | B7: 45831 | C7: 119700000 | D7: 67284011 | E7: =C7-D7 -> 52415989 | F7: =E7-E8 -> -105717.29
A8: 7 | B8: 45828 | C8: 119400000 | D8: 66878293 | E8: =C8-D8 -> 52521707 | F8: =E8-E9 -> -15699.331
A9: 8 | B9: 45827 | C9: 119400000 | D9: 66862594 | E9: =C9-D9 -> 52537406 | F9: =E9-E10 -> 188604.04
A10: 9 | B10: 45826 | C10: 119600000 | D10: 67251198 | E10: =C10-D10 -> 52348802 | F10: =E10-E11 -> -75191.684
A11: 10 | B11: 45825 | C11: 119600000 | D11: 67176006 | E11: =C11-D11 -> 52423994 | F11: =E11-E12 -> 153393.76 | G11: s
A12: 11 | B12: 45824 | C12: 119600000 | D12: 67329400 | E12: =C12-D12 -> 52270600 | F12: =E12-E13 -> 334678.55
A13: 12 | B13: 45821 | C13: 120000000 | D13: 68064079 | E13: =C13-D13 -> 51935921 | F13: =E13-E14 -> -89979.21
A14: 13 | B14: 45820 | C14: 119000000 | D14: 66974099 | E14: =C14-D14 -> 52025901 | F14: =E14-E15 -> -974431.3
A15: 14 | B15: 45819 | C15: 118800000 | D15: 65799668 | E15: =C15-D15 -> 53000332 | F15: =E15-E16 -> 249863.16
A16: 15 | B16: 45818 | C16: 118500000 | D16: 65749531 | E16: =C16-D16 -> 52750469 | F16: =E16-E17 -> 1102242.1
A17: 16 | B17: 45817 | C17: 117700000 | D17: 66051773 | E17: =C17-D17 -> 51648227 | F17: =E17-E18 -> -434316.27
A18: 17 | B18: 45814 | C18: 118000000 | D18: 65917457 | E18: =C18-D18 -> 52082543 | F18: =E18-E19 -> 934080.02
A19: 18 | B19: 45813 | C19: 117700000 | D19: 66551537 | E19: =C19-D19 -> 51148463 | F19: =E19-E20 -> 979067.89
A20: 19 | B20: 45812 | C20: 117200000 | D20: 67030605 | E20: =C20-D20 -> 50169395 | F20: =E20-E21 -> -509841.09
A21: 20 | B21: 45811 | C21: 117200000 | D21: 66520764 | E21: =C21-D21 -> 50679236 | F21: =E21-E22 -> -270853.68
A22: 21 | B22: 45810 | C22: 117800000 | D22: 66849910 | E22: =C22-D22 -> 50950090 | F22: =E22-E23 -> -2328454.1
A23: 22 | B23: 45807 | C23: 118500000 | D23: 65221456 | E23: =C23-D23 -> 53278544 | F23: =E23-E24 -> 1069507.8
... A4015: 4014 | B4015: 40183 | C4015: 26900000 | D4015: 15611558 | E4015: =C4015-D4015 -> 11288442 | F4015: =E4015-E4016 -> 234414.97
A4016: 4015 | B4016: 40182 | C4016: 26660000 | D4016: 15605973 | E4016: =C4016-D4016 -> 11054027 | F4016: -264068.65

Sheet Quaterly
A1: No | B1: Period | C1: Real GDP | D1: Consumer demand_VN | E1: Diff_Demand
A2: 1 | B2: Q2-2025 | C2: 3147849.2 | D2: 19.28 | E2: =D2-D3 -> 3.51
A3: 2 | B3: Q1-2025 | C3: 1502806.6 | D3: 15.77 | E3: =D3-D4 -> -6.48
A4: 3 | B4: Q4-2024 | C4: 6269210 | D4: 22.25 | E4: =D4-D5 -> -2.77
A5: 4 | B5: Q3-2024 | C5: 4472214.9 | D5: 25.02 | E5: =D5-D6 -> 5.04
A6: 5 | B6: Q2-2024 | C6: 2907903.7 | D6: 19.98 | E6: =D6-D7 -> 2.68
A7: 6 | B7: Q1-2024 | C7: 1396659.5 | D7: 17.3 | E7: =D7-D8 -> -19.65
A8: 7 | B8: Q4-2023 | C8: 5830725 | D8: 36.95 | E8: =D8-D9 -> 7.76
A9: 8 | B9: Q3-2023 | C9: 4176814.2 | D9: 29.19 | E9: =D9-D10 -> 5.23
A10: 9 | B10: Q2-2023 | C10: 2727672 | D10: 23.96 | E10: =D10-D11 -> 3.36
A11: 10 | B11: Q1-2023 | C11: 1320754.6 | D11: 20.6 | E11: =D11-D12 -> 1.36
A12: 11 | B12: Q4-2022 | C12: 5545715.9 | D12: 19.24 | E12: =D12-D13 -> -1.21
A13: 12 | B13: Q3-2022 | C13: 4006189.4 | D13: 20.45 | E13: =D13-D14 -> -2.35
... A63: 62 | B63: Q1-2010 | C63: 103672 | D63: 11.94 | E63: =D63-D64 -> -4.56
D64: 16.5

Sheet Monthly
A1: No | B1: Period | C1: CPI | D1: Diff_CPI | E1: Gold Reserve | F1: Diff_Gold Reserve | G1: Interest rate (12-24 month) | H1: Diff_Interest | I1: M2 | J1: Log_M2 | K1: Diff_M2
A2: 1 | B2: 6-2025 | C2: 0.195 | D2: =C2-C3 -> 0.0057 | E2: 829.74008 | F2: =E2-E3 -> 5.041545 | G2: 0.061 | H2: =G2-G3 -> 0.001 | I2: 19184709 | J2: =LN(I2/I3) -> 0.011089088 | K2: =I2-I3 -> 211565.73
A3: 2 | B3: 5-2025 | C3: 0.1893 | D3: =C3-C4 -> 0.0019 | E3: 824.69854 | F3: =E3-E4 -> 5.1691184 | G3: 0.06 | H3: =G3-G4 -> 0 | I3: 18973143 | J3: =LN(I3/I4) -> 0.013348064 | K3: =I3-I4 -> 251572
A4: 3 | B4: 4-2025 | C4: 0.1874 | D4: =C4-C5 -> 0.0008 | E4: 819.52942 | F4: =E4-E5 -> 7.1430324 | G4: 0.06 | H4: =G4-G5 -> 0 | I4: 18721571 | J4: =LN(I4/I5) -> 0.014609742 | K4: =I4-I5 -> 271529
A5: 4 | B5: 3-2025 | C5: 0.1866 | D5: =C5-C6 -> -0.0003 | E5: 812.38639 | F5: =E5-E6 -> 11.539722 | G5: 0.06 | H5: =G5-G6 -> 0 | I5: 18450042 | J5: =LN(I5/I6) -> 0.015999966 | K5: =I5-I6 -> 292851
A6: 5 | B6: 2-2025 | C6: 0.1869 | D6: =C6-C7 -> 0.004 | E6: 800.84667 | F6: =E6-E7 -> -97.693333 | G6: 0.06 | H6: =G6-G7 -> 0.001 | I6: 18157191 | J6: =LN(I6/I7) -> -0.001086307 | K6: =I6-I7 -> -19735
A7: 6 | B7: 1-2025 | C7: 0.1829 | D7: =C7-C8 -> 0.0115 | E7: 898.54 | F7: =E7-E8 -> 49.64 | G7: 0.059 | H7: =G7-G8 -> 0 | I7: 18176926 | J7: =LN(I7/I8) -> 0.014538863 | K7: =I7-I8 -> 262360
A8: 7 | B8: 12-2024 | C8: 0.1714 | D8: =C8-C9 -> 0.0034 | E8: 848.9 | F8: =E8-E9 -> -9.21 | G8: 0.059 | H8: =G8-G9 -> -0.001 | I8: 17914566 | J8: =LN(I8/I9) -> 0.034801097 | K8: =I8-I9 -> 612723
A9: 8 | B9: 11-2024 | C9: 0.168 | D9: =C9-C10 -> 0.0015 | E9: 858.11 | F9: =E9-E10 -> -49.42 | G9: 0.06 | H9: =G9-G10 -> 0 | I9: 17301843 | J9: =LN(I9/I10) -> 0.011306586 | K9: =I9-I10 -> 194523
A10: 9 | B10: 10-2024 | C10: 0.1665 | D10: =C10-C11 -> 0.0038 | E10: 907.53 | F10: =E10-E11 -> 40.64 | G10: 0.06 | H10: =G10-G11 -> 0 | I10: 17107320 | J10: =LN(I10/I11) -> 0.009293359 | K10: =I10-I11 -> 158248
A11: 10 | B11: 9-2024 | C11: 0.1627 | D11: =C11-C12 -> 0.0033 | E11: 866.89 | F11: =E11-E12 -> 47.16 | G11: 0.06 | H11: =G11-G12 -> -0.001 | I11: 16949072 | J11: =LN(I11/I12) -> 0.017304913 | K11: =I11-I12 -> 290779
A12: 11 | B12: 8-2024 | C12: 0.1594 | D12: =C12-C13 -> 0 | E12: 819.73 | F12: =E12-E13 -> 52.84 | G12: 0.061 | H12: =G12-G13 -> -0.001 | I12: 16658293 | J12: =LN(I12/I13) -> 0.015541656 | K12: =I12-I13 -> 256896
A13: 12 | B13: 7-2024 | C13: 0.1594 | D13: =C13-C14 -> 0.0055 | E13: 766.89 | F13: =E13-E14 -> 34.06 | G13: 0.062 | H13: =G13-G14 -> -0.002 | I13: 16401397 | J13: =LN(I13/I14) -> -0.0067878545 | K13: =I13-I14 -> -111709
... A186: 185 | B186: 2-2010 | C186: 0.0764 | D186: =C186-C187 -> 0.0207 | E186: 360.546 | F186: =E186-E187 -> 6.819 | G186: 0.1049 | H186: =G186-G187 -> 0 | I186: 2050780.3 | J186: =LN(I186/I187) -> -0.01435748 | K186: =I186-I187 -> -29656.424
A187: 186 | B187: 1-2010 | C187: 0.0557 | D187: =C187-C188 -> 0.0142 | E187: 353.727 | F187: =E187-E188 -> -2.327 | G187: 0.1049 | H187: =G187-G188 -> 0 | I187: 2080436.7 | J187: =LN(I187/I188) -> 0.056162338
C188: 0.0415 | E188: 356.054 | G188: 0.1049 | I188: 1966815

Sheet Daily
A1: No | B1: Period | C1: WTI Oil | D1: Diff_WTI Oil | E1: Exchange rate | F1: Diff_Exchange Rate | G1: VNI | H1: Diff_VNI
A2: 1 | B2: 45838 | C2: 65.11 | D2: =C2-C3 -> -0.41 | E2: 26120.5 | F2: =E2-E3 -> 25.5 | G2: 1376.07 | H2: =G2-G3 -> 4.63
A3: 2 | B3: 45835 | C3: 65.52 | D3: =C3-C4 -> 0.28 | E3: 26095 | F3: =E3-E4 -> -25 | G3: 1371.44 | H3: =G3-G4 -> 5.77
A4: 3 | B4: 45834 | C4: 65.24 | D4: =C4-C5 -> 0.32 | E4: 26120 | F4: =E4-E5 -> -35 | G4: 1365.67 | H4: =G4-G5 -> -1.08
A5: 4 | B5: 45833 | C5: 64.92 | D5: =C5-C6 -> 0.55 | E5: 26155 | F5: =E5-E6 -> -15 | G5: 1366.75 | H5: =G5-G6 -> -0.02
A6: 5 | B6: 45832 | C6: 64.37 | D6: =C6-C7 -> -4.14 | E6: 26170 | F6: =E6-E7 -> -45 | G6: 1366.77 | H6: =G6-G7 -> 8.59
A7: 6 | B7: 45831 | C7: 68.51 | D7: =C7-C8 -> -6.42 | E7: 26215 | F7: =E7-E8 -> 86.5 | G7: 1358.18 | H7: =G7-G8 -> 8.83
A8: 7 | B8: 45828 | C8: 74.93 | D8: =C8-C9 -> 1.11 | E8: 26128.5 | F8: =E8-E9 -> 0.5 | G8: 1349.35 | H8: =G8-G9 -> -2.69
A9: 8 | B9: 45827 | C9: 73.82 | D9: =C9-C10 -> -1.32 | E9: 26128 | F9: =E9-E10 -> 26.5 | G9: 1352.04 | H9: =G9-G10 -> 5.21
A10: 9 | B10: 45826 | C10: 75.14 | D10: =C10-C11 -> 0.3 | E10: 26101.5 | F10: =E10-E11 -> 20 | G10: 1346.83 | H10: =G10-G11 -> -0.86
A11: 10 | B11: 45825 | C11: 74.84 | D11: =C11-C12 -> 4.59 | E11: 26081.5 | F11: =E11-E12 -> 20 | G11: 1347.69 | H11: =G11-G12 -> 9.58
A12: 11 | B12: 45824 | C12: 70.25 | D12: =C12-C13 -> -1.04 | E12: 26061.5 | F12: =E12-E13 -> -13.5 | G12: 1338.11 | H12: =G12-G13 -> 22.62
A13: 12 | B13: 45821 | C13: 71.29 | D13: =C13-C14 -> 4.65 | E13: 26075 | F13: =E13-E14 -> 37.5 | G13: 1315.49 | H13: =G13-G14 -> -7.5
... A4016: 4015 | B4016: 40182 | C4016: 81.52 | D4016: =C4016-C4017 -> 2.13 | E4016: 18469 | F4016: =E4016-E4017 -> 0 | G4016: 517.05 | H4016: =G4016-G4017 -> 22.28
C4017: 79.39 | E4017: 18469 | G4017: 494.77
